{
  "ConnectionStrings": {
    "DefaultConnection": "Server=(localdb)\\MSSQLLocalDB;Database=HealthcareDB;Trusted_Connection=true;MultipleActiveResultSets=true;TrustServerCertificate=true"
  },
  "Jwt": {
    "Key": "ThisIsASecretKeyForJwtDevelopment123!",
    "Issuer": "HealthcareAPI",
    "Audience": "HealthcareAPIUsers"
  },
  "Logging": {
    "LogLevel": {
      "Default": "Information",
      "Microsoft": "Warning",
      "Microsoft.Hosting.Lifetime": "Information"
    }
  },
  "AllowedHosts": "*"
}
